"","ParentLocation","Location","Period","IsLatestYear","Value"
"1","Africa","Congo",2022,TRUE,1042
"2","Africa","Mauritania",2022,TRUE,1118
"3","Eastern Mediterranean","Saudi Arabia",2022,TRUE,112023
"4","Africa","Gabon",2022,TRUE,1139
"5","Africa","Ethiopia",2022,TRUE,13327
"6","Americas","Costa Rica",2022,TRUE,13656
"7","Africa","Namibia",2022,TRUE,1394
"8","Europe","Lithuania",2022,TRUE,14101
"9","Americas","Uruguay",2022,TRUE,15846
"10","Africa","Chad",2022,TRUE,1507
"11","Africa","Mauritius",2022,TRUE,1555
"12","Europe","Iceland",2022,TRUE,1687
"13","Europe","Montenegro",2022,TRUE,1726
"14","Africa","Democratic Republic of the Congo",2022,TRUE,18493
"15","Western Pacific","New Zealand",2022,TRUE,18531
"16","Americas","Argentina",2022,TRUE,185762
"17","South-East Asia","Indonesia",2022,TRUE,189979
"18","Africa","Eswatini",2022,TRUE,1912
"19","Europe","Georgia",2022,TRUE,21017
"20","Europe","United Kingdom of Great Britain and Northern Ireland",2022,TRUE,214287
"21","Africa","Senegal",2022,TRUE,2188
"22","Africa","Equatorial Guinea",2022,TRUE,239
"23","Americas","Dominican Republic",2022,TRUE,25093
"24","Europe","Italy",2022,TRUE,250813
"25","Americas","Paraguay",2022,TRUE,26320
"26","Africa","Eritrea",2022,TRUE,260
"27","Africa","Benin",2022,TRUE,2608
"28","Africa","Cabo Verde",2022,TRUE,2644
"29","Africa","Mozambique",2022,TRUE,2689
"30","Africa","Zimbabwe",2022,TRUE,2708
"31","Africa","Guinea",2022,TRUE,297
"32","Europe","Bulgaria",2022,TRUE,33206
"33","Europe","Israel",2022,TRUE,33558
"34","Africa","Burkina Faso",2022,TRUE,3323
"35","Africa","Lesotho",2022,TRUE,347
"36","Africa","Sierra Leone",2022,TRUE,366
"37","Africa","Cameroon",2022,TRUE,3759
"38","Africa","Seychelles",2022,TRUE,409
"39","South-East Asia","Bhutan",2022,TRUE,432
"40","Africa","Guinea-Bissau",2022,TRUE,438
"41","Africa","Mali",2022,TRUE,4402
"42","Eastern Mediterranean","Iraq",2022,TRUE,45038
"43","Africa","Ghana",2022,TRUE,4726
"44","Europe","Austria",2022,TRUE,49242
"45","Africa","Cote d'Ivoire",2022,TRUE,4930
"46","Africa","Zambia",2022,TRUE,5243
"47","Americas","Peru",2022,TRUE,55190
"48","Africa","Kenya",2022,TRUE,5517
"49","Africa","Niger",2022,TRUE,614
"50","Americas","Chile",2022,TRUE,62144
"51","Africa","Togo",2022,TRUE,730
"52","Europe","Belgium",2022,TRUE,74518
"53","Africa","Uganda",2022,TRUE,7941
"54","Americas","Barbados",2022,TRUE,835
"55","Africa","Nigeria",2022,TRUE,86181
"56","Africa","Angola",2022,TRUE,8693
"57","Africa","United Republic of Tanzania",2022,TRUE,8693
"58","Eastern Mediterranean","Oman",2022,TRUE,9420
"59","Africa","Liberia",2022,TRUE,954
"60","Americas","Canada",2022,TRUE,96020
"61","Americas","El Salvador",2022,TRUE,9833
"62","Africa","Botswana",2022,TRUE,993
"63","Africa","Malawi",2022,TRUE,996
