﻿ID,Name,Age,Gender,Height_cm,Weight_kg,City
1,James,23,F,165,55,New York
2,Michael,35,M,180,85,Los Angeles
3,Robert,45,M,175,77,Chicago
4,John,28,M,170,70,Houston
5,David,32,F,160,52,Phoenix
6,William,10,M,175,79,London
7,Richard,42,F,174,69,Phoenix
8,Joseph,29,F,177,78,Tokyo
9,Thomas,49,F,159,85,Seoul
10,Christopher,52,M,185,101,Seoul
11,Charles,48,F,159,62,Seoul
12,Daniel,30,F,158,81,London
13,Matthew,27,M,151,57,Sydney
14,Anthony,22,M,183,52,Phoenix
15,Mark,33,F,163,72,Seoul
16,Donald,36,F,164,70,Sydney
17,Steven,40,F,155,99,Tokyo
18,Andrew,16,M,161,68,Houston
19,Paul,19,F,183,66,Phoenix
20,Joshua,57,M,169,105,Phoenix
21,Kenneth,57,M,180,98,Houston
22,Kevin,17,M,168,51,New York
23,Brian,17,M,174,98,New York
24,Timothy,34,F,171,85,London
25,Ronald,38,M,152,88,Tokyo
26,George,13,F,153,65,Houston
27,Jason,47,F,153,89,Seoul
28,Edward,34,F,162,69,Sydney
29,Jeffrey,51,M,167,56,London
30,Ryan,19,F,159,59,London
31,Jacob,58,F,163,58,Houston
32,Nicholas,50,F,163,103,Seoul
33,Gary,13,M,178,53,London
34,Eric,38,F,171,70,Houston
35,Jonathan,48,F,171,97,New York
36,Stephen,29,M,164,76,Phoenix
37,Larry,44,F,152,83,Phoenix
38,Justin,27,F,152,77,New York
39,Scott,26,F,181,86,Tokyo
40,Brandon,12,M,156,53,Tokyo
41,Benjamin,58,F,177,71,London
42,Samuel,56,M,150,63,Phoenix
43,Gregory,50,M,176,63,Houston
44,Alexander,59,M,177,60,London
45,Patrick,18,M,157,84,Houston
46,Frank,19,F,179,59,Sydney
47,Raymond,53,M,183,68,Sydney
48,Jack,16,F,169,105,Seoul
49,Dennis,40,M,159,81,London
50,Jerry,51,M,154,93,London
51,Tyler,14,F,174,73,Houston
52,Aaron,59,F,161,50,Seoul
53,Jose,31,M,161,63,Tokyo
54,Adam,35,F,176,69,Seoul
55,Nathan,25,F,150,61,London
56,Henry,42,M,160,59,Tokyo
57,Zachary,43,F,176,60,Tokyo
58,Douglas,34,F,151,81,Phoenix
59,Peter,40,F,150,77,Phoenix
60,Kyle,59,F,165,52,Sydney
61,Noah,21,F,178,84,Sydney
62,Ethan,16,F,154,74,Tokyo
63,Jeremy,38,M,180,75,Seoul
64,Christian,40,M,163,62,Tokyo
65,Walter,13,F,176,53,Houston
66,Keith,14,F,150,62,Houston
67,Austin,31,M,151,55,New York
68,Roger,58,M,163,77,Houston
69,Terry,37,M,179,74,New York
70,Sean,30,F,184,87,London
71,Gerald,47,M,166,92,Seoul
72,Carl,51,M,176,81,Tokyo
73,Dylan,40,F,151,83,Phoenix
74,Harold,47,M,184,75,Houston
75,Jordan,51,M,168,52,Sydney
76,Jesse,42,F,173,69,Houston
77,Bryan,12,F,182,76,Tokyo
78,Lawrence,22,F,155,100,Sydney
79,Arthur,55,M,151,79,Sydney
80,Gabriel,58,M,175,95,Seoul
81,Bruce,44,M,151,80,New York
82,Logan,12,F,151,77,London
83,Billy,21,M,183,78,Houston
84,Joe,25,F,175,90,London
85,Alan,31,F,181,91,New York
86,Juan,37,F,184,85,Phoenix
87,Elijah,33,M,177,53,New York
88,Willie,60,M,173,68,London
89,Albert,36,M,173,84,Houston
90,Wayne,48,M,181,86,Sydney
91,Randy,16,F,160,101,New York
92,Mason,40,M,184,53,London
93,Vincent,13,M,152,96,Houston
94,Liam,30,F,165,58,Sydney
95,Roy,59,F,174,49,Houston
96,Bobby,34,M,159,94,Phoenix
97,Caleb,32,F,159,59,Seoul
98,Bradley,60,M,162,95,London
99,Russell,34,M,158,72,Tokyo
100,Lucas,16,F,160,58,Seoul